Model,Silhouette Score,Adjusted Rand Index
K-Means,0.0073439094088536706,0.4772594592069802
Hierarchical,0.03182501935900201,0.1518530000593874
